global_problem_id,source,platform_problem_id,contest_id,problem_index,task_id,title,url,rating,difficulty,points,normalized_difficulty,difficulty_source,original_tags,normalized_tags,topic_group,solved_count,time_limit,memory_limit,statement,input_description,output_description,constraints,samples,notes,official_editorial,editorial_url,statement_status,editorial_status,parse_status,language,raw_metadata
codeforces_1358_A,codeforces,1358A,1358,A,,Park Lighting,https://codeforces.com/problemset/problem/1358/A,800.0,,500.0,800.0,codeforces_rating,"[""greedy"", ""math""]","[""greedy"", ""math""]","[""greedy"", ""math""]",43198.0,,,,,,,[],,,,skipped,skipped,skipped,en,"{""contestId"": 1358, ""index"": ""A"", ""name"": ""Park Lighting"", ""points"": 500.0, ""rating"": 800, ""tags"": [""greedy"", ""math""], ""type"": ""PROGRAMMING""}"
codeforces_2193_B,codeforces,2193B,2193,B,,Reverse a Permutation,https://codeforces.com/problemset/problem/2193/B,800.0,,,800.0,codeforces_rating,"[""greedy""]","[""greedy""]","[""greedy""]",30141.0,,,,,,,[],,,,skipped,skipped,skipped,en,"{""contestId"": 2193, ""index"": ""B"", ""name"": ""Reverse a Permutation"", ""rating"": 800, ""tags"": [""greedy""], ""type"": ""PROGRAMMING""}"
codeforces_2194_A,codeforces,2194A,2194,A,,Lawn Mower,https://codeforces.com/problemset/problem/2194/A,800.0,,500.0,800.0,codeforces_rating,"[""greedy"", ""math""]","[""greedy"", ""math""]","[""greedy"", ""math""]",23855.0,,,,,,,[],,,,skipped,skipped,skipped,en,"{""contestId"": 2194, ""index"": ""A"", ""name"": ""Lawn Mower"", ""points"": 500.0, ""rating"": 800, ""tags"": [""greedy"", ""math""], ""type"": ""PROGRAMMING""}"
codeforces_1767_B,codeforces,1767B,1767,B,,Block Towers,https://codeforces.com/problemset/problem/1767/B,800.0,,,800.0,codeforces_rating,"[""data structures"", ""greedy"", ""sortings""]","[""data_structures"", ""greedy"", ""techniques""]","[""data_structures"", ""greedy"", ""techniques""]",21935.0,,,,,,,[],,,,skipped,skipped,skipped,en,"{""contestId"": 1767, ""index"": ""B"", ""name"": ""Block Towers"", ""rating"": 800, ""tags"": [""data structures"", ""greedy"", ""sortings""], ""type"": ""PROGRAMMING""}"
codeforces_1768_A,codeforces,1768A,1768,A,,Greatest Convex,https://codeforces.com/problemset/problem/1768/A,800.0,,500.0,800.0,codeforces_rating,"[""greedy"", ""math"", ""number theory""]","[""greedy"", ""math""]","[""greedy"", ""math""]",31066.0,,,,,,,[],,,,skipped,skipped,skipped,en,"{""contestId"": 1768, ""index"": ""A"", ""name"": ""Greatest Convex"", ""points"": 500.0, ""rating"": 800, ""tags"": [""greedy"", ""math"", ""number theory""], ""type"": ""PROGRAMMING""}"
codeforces_2207_A,codeforces,2207A,2207,A,,1-1,https://codeforces.com/problemset/problem/2207/A,800.0,,750.0,800.0,codeforces_rating,"[""greedy"", ""strings""]","[""greedy"", ""strings""]","[""greedy"", ""strings""]",13713.0,,,,,,,[],,,,skipped,skipped,skipped,en,"{""contestId"": 2207, ""index"": ""A"", ""name"": ""1-1"", ""points"": 750.0, ""rating"": 800, ""tags"": [""greedy"", ""strings""], ""type"": ""PROGRAMMING""}"
codeforces_2209_A,codeforces,2209A,2209,A,,Flip Flops,https://codeforces.com/problemset/problem/2209/A,800.0,,500.0,800.0,codeforces_rating,"[""greedy""]","[""greedy""]","[""greedy""]",21551.0,,,,,,,[],,,,skipped,skipped,skipped,en,"{""contestId"": 2209, ""index"": ""A"", ""name"": ""Flip Flops"", ""points"": 500.0, ""rating"": 800, ""tags"": [""greedy""], ""type"": ""PROGRAMMING""}"
codeforces_1592_A,codeforces,1592A,1592,A,,Gamer Hemose,https://codeforces.com/problemset/problem/1592/A,800.0,,500.0,800.0,codeforces_rating,"[""binary search"", ""greedy"", ""math"", ""sortings""]","[""techniques"", ""greedy"", ""math""]","[""techniques"", ""greedy"", ""math""]",23791.0,,,,,,,[],,,,skipped,skipped,skipped,en,"{""contestId"": 1592, ""index"": ""A"", ""name"": ""Gamer Hemose"", ""points"": 500.0, ""rating"": 800, ""tags"": [""binary search"", ""greedy"", ""math"", ""sortings""], ""type"": ""PROGRAMMING""}"
codeforces_1660_A,codeforces,1660A,1660,A,,Vasya and Coins,https://codeforces.com/problemset/problem/1660/A,800.0,,,800.0,codeforces_rating,"[""greedy"", ""math""]","[""greedy"", ""math""]","[""greedy"", ""math""]",39207.0,,,,,,,[],,,,skipped,skipped,skipped,en,"{""contestId"": 1660, ""index"": ""A"", ""name"": ""Vasya and Coins"", ""rating"": 800, ""tags"": [""greedy"", ""math""], ""type"": ""PROGRAMMING""}"
codeforces_1661_A,codeforces,1661A,1661,A,,Array Balancing,https://codeforces.com/problemset/problem/1661/A,800.0,,,800.0,codeforces_rating,"[""greedy"", ""math""]","[""greedy"", ""math""]","[""greedy"", ""math""]",19371.0,,,,,,,[],,,,skipped,skipped,skipped,en,"{""contestId"": 1661, ""index"": ""A"", ""name"": ""Array Balancing"", ""rating"": 800, ""tags"": [""greedy"", ""math""], ""type"": ""PROGRAMMING""}"
codeforces_1360_A,codeforces,1360A,1360,A,,Minimal Square,https://codeforces.com/problemset/problem/1360/A,800.0,,,800.0,codeforces_rating,"[""greedy"", ""math""]","[""greedy"", ""math""]","[""greedy"", ""math""]",57109.0,,,,,,,[],,,,skipped,skipped,skipped,en,"{""contestId"": 1360, ""index"": ""A"", ""name"": ""Minimal Square"", ""rating"": 800, ""tags"": [""greedy"", ""math""], ""type"": ""PROGRAMMING""}"
codeforces_1360_B,codeforces,1360B,1360,B,,Honest Coach,https://codeforces.com/problemset/problem/1360/B,800.0,,,800.0,codeforces_rating,"[""greedy"", ""sortings""]","[""greedy"", ""techniques""]","[""greedy"", ""techniques""]",53740.0,,,,,,,[],,,,skipped,skipped,skipped,en,"{""contestId"": 1360, ""index"": ""B"", ""name"": ""Honest Coach"", ""rating"": 800, ""tags"": [""greedy"", ""sortings""], ""type"": ""PROGRAMMING""}"
codeforces_2178_A,codeforces,2178A,2178,A,,Yes or Yes,https://codeforces.com/problemset/problem/2178/A,800.0,,500.0,800.0,codeforces_rating,"[""greedy"", ""strings""]","[""greedy"", ""strings""]","[""greedy"", ""strings""]",25770.0,,,,,,,[],,,,skipped,skipped,skipped,en,"{""contestId"": 2178, ""index"": ""A"", ""name"": ""Yes or Yes"", ""points"": 500.0, ""rating"": 800, ""tags"": [""greedy"", ""strings""], ""type"": ""PROGRAMMING""}"
codeforces_2179_B,codeforces,2179B,2179,B,,Blackslex and Showering,https://codeforces.com/problemset/problem/2179/B,800.0,,,800.0,codeforces_rating,"[""dp"", ""greedy"", ""implementation""]","[""dynamic_programming"", ""greedy"", ""implementation_constructive""]","[""dynamic_programming"", ""greedy"", ""implementation_constructive""]",28353.0,,,,,,,[],,,,skipped,skipped,skipped,en,"{""contestId"": 2179, ""index"": ""B"", ""name"": ""Blackslex and Showering"", ""rating"": 800, ""tags"": [""dp"", ""greedy"", ""implementation""], ""type"": ""PROGRAMMING""}"
codeforces_2180_B,codeforces,2180B,2180,B,,Ashmal,https://codeforces.com/problemset/problem/2180/B,800.0,,750.0,800.0,codeforces_rating,"[""greedy"", ""strings""]","[""greedy"", ""strings""]","[""greedy"", ""strings""]",24586.0,,,,,,,[],,,,skipped,skipped,skipped,en,"{""contestId"": 2180, ""index"": ""B"", ""name"": ""Ashmal"", ""points"": 750.0, ""rating"": 800, ""tags"": [""greedy"", ""strings""], ""type"": ""PROGRAMMING""}"
codeforces_2162_A,codeforces,2162A,2162,A,,Beautiful Average,https://codeforces.com/problemset/problem/2162/A,800.0,,,800.0,codeforces_rating,"[""brute force"", ""greedy""]","[""implementation_constructive"", ""greedy""]","[""implementation_constructive"", ""greedy""]",41622.0,,,,,,,[],,,,skipped,skipped,skipped,en,"{""contestId"": 2162, ""index"": ""A"", ""name"": ""Beautiful Average"", ""rating"": 800, ""tags"": [""brute force"", ""greedy""], ""type"": ""PROGRAMMING""}"
codeforces_1945_A,codeforces,1945A,1945,A,,Setting up Camp,https://codeforces.com/problemset/problem/1945/A,800.0,,,800.0,codeforces_rating,"[""greedy"", ""math""]","[""greedy"", ""math""]","[""greedy"", ""math""]",30320.0,,,,,,,[],,,,skipped,skipped,skipped,en,"{""contestId"": 1945, ""index"": ""A"", ""name"": ""Setting up Camp"", ""rating"": 800, ""tags"": [""greedy"", ""math""], ""type"": ""PROGRAMMING""}"
codeforces_1946_A,codeforces,1946A,1946,A,,Median of an Array,https://codeforces.com/problemset/problem/1946/A,800.0,,500.0,800.0,codeforces_rating,"[""greedy"", ""implementation"", ""sortings""]","[""greedy"", ""implementation_constructive"", ""techniques""]","[""greedy"", ""implementation_constructive"", ""techniques""]",28575.0,,,,,,,[],,,,skipped,skipped,skipped,en,"{""contestId"": 1946, ""index"": ""A"", ""name"": ""Median of an Array"", ""points"": 500.0, ""rating"": 800, ""tags"": [""greedy"", ""implementation"", ""sortings""], ""type"": ""PROGRAMMING""}"
codeforces_1956_A,codeforces,1956A,1956,A,,Nene's Game,https://codeforces.com/problemset/problem/1956/A,800.0,,500.0,800.0,codeforces_rating,"[""binary search"", ""brute force"", ""data structures"", ""games"", ""greedy""]","[""techniques"", ""implementation_constructive"", ""data_structures"", ""math"", ""greedy""]","[""techniques"", ""implementation_constructive"", ""data_structures"", ""math"", ""greedy""]",24195.0,,,,,,,[],,,,skipped,skipped,skipped,en,"{""contestId"": 1956, ""index"": ""A"", ""name"": ""Nene's Game"", ""points"": 500.0, ""rating"": 800, ""tags"": [""binary search"", ""brute force"", ""data structures"", ""games"", ""greedy""], ""type"": ""PROGRAMMING""}"
codeforces_1956_B,codeforces,1956B,1956,B,,Nene and the Card Game,https://codeforces.com/problemset/problem/1956/B,800.0,,750.0,800.0,codeforces_rating,"[""games"", ""greedy""]","[""math"", ""greedy""]","[""math"", ""greedy""]",22932.0,,,,,,,[],,,,skipped,skipped,skipped,en,"{""contestId"": 1956, ""index"": ""B"", ""name"": ""Nene and the Card Game"", ""points"": 750.0, ""rating"": 800, ""tags"": [""games"", ""greedy""], ""type"": ""PROGRAMMING""}"
atcoder_abc390_b,atcoder,abc390_b,abc390,B,abc390_b,B. Geometric Sequence,https://atcoder.jp/contests/abc390/tasks/abc390_b,,0.0,200.0,0.0,atcoder_difficulty,[],[],[],12548.0,,,,,,,[],,,,skipped,skipped,skipped,en,"{""merged"": {""contest_id"": ""abc390"", ""execution_time"": 0, ""fastest_contest_id"": ""abc390"", ""fastest_submission_id"": 62022555, ""fastest_user_id"": ""rsk0315"", ""first_contest_id"": ""abc390"", ""first_submission_id"": 62019919, ""first_user_id"": ""Yawn_Sean"", ""id"": ""abc390_b"", ""name"": ""Geometric Sequence"", ""point"": 200.0, ""problem_index"": ""B"", ""shortest_contest_id"": ""abc390"", ""shortest_submission_id"": 62189720, ""shortest_user_id"": ""Fleur"", ""solver_count"": 12548, ""source_code_length"": 28, ""title"": ""B. Geometric Sequence""}, ""model"": {""difficulty"": 0, ""discrimination"": 0.004479398673070138, ""intercept"": 7.373013127634854, ""irt_loglikelihood"": -3278.5648768158276, ""irt_users"": 7880, ""is_experimental"": false, ""slope"": -0.001088727288046786, ""variance"": 0.8271749650197995}, ""problem"": {""contest_id"": ""abc390"", ""id"": ""abc390_b"", ""name"": ""Geometric Sequence"", ""problem_index"": ""B"", ""title"": ""B. Geometric Sequence""}}"
atcoder_abc123_b,atcoder,abc123_b,abc123,B,abc123_b,B. Five Dishes,https://atcoder.jp/contests/abc123/tasks/abc123_b,,1.0,200.0,1.0,atcoder_difficulty,[],[],[],14140.0,,,,,,,[],,,,skipped,skipped,skipped,en,"{""merged"": {""contest_id"": ""abc123"", ""execution_time"": 0, ""fastest_contest_id"": ""abc123"", ""fastest_submission_id"": 4846844, ""fastest_user_id"": ""nayuta13"", ""first_contest_id"": ""abc123"", ""first_submission_id"": 4843635, ""first_user_id"": ""TMJN"", ""id"": ""abc123_b"", ""name"": ""Five Dishes"", ""point"": 200.0, ""problem_index"": ""B"", ""shortest_contest_id"": ""abc123"", ""shortest_submission_id"": 52051154, ""shortest_user_id"": ""Fleur"", ""solver_count"": 14140, ""source_code_length"": 16, ""title"": ""B. Five Dishes""}, ""model"": {""difficulty"": 1, ""discrimination"": 0.004479398673070138, ""intercept"": 7.7540384121299075, ""irt_loglikelihood"": -925.775906748024, ""irt_users"": 2997, ""is_experimental"": false, ""slope"": -0.0009902800013045954, ""variance"": 0.3177365712562898}, ""problem"": {""contest_id"": ""abc123"", ""id"": ""abc123_b"", ""name"": ""Five Dishes"", ""problem_index"": ""B"", ""title"": ""B. Five Dishes""}}"
atcoder_abc114_b,atcoder,abc114_b,abc114,B,abc114_b,B. 754,https://atcoder.jp/contests/abc114/tasks/abc114_b,,2.0,200.0,2.0,atcoder_difficulty,[],[],[],13661.0,,,,,,,[],,,,skipped,skipped,skipped,en,"{""merged"": {""contest_id"": ""abc114"", ""execution_time"": 0, ""fastest_contest_id"": ""abc114"", ""fastest_submission_id"": 3702444, ""fastest_user_id"": ""baoyu"", ""first_contest_id"": ""abc114"", ""first_submission_id"": 3701227, ""first_user_id"": ""kzyKT"", ""id"": ""abc114_b"", ""name"": ""754"", ""point"": 200.0, ""problem_index"": ""B"", ""shortest_contest_id"": ""abc114"", ""shortest_submission_id"": 59484904, ""shortest_user_id"": ""Fleur"", ""solver_count"": 13661, ""source_code_length"": 17, ""title"": ""B. 754""}, ""model"": {""difficulty"": 2, ""discrimination"": 0.004479398673070138, ""intercept"": 7.1872964006427935, ""irt_loglikelihood"": -308.1205935188131, ""irt_users"": 1214, ""is_experimental"": false, ""slope"": -0.0010501947440266911, ""variance"": 0.46818168730884113}, ""problem"": {""contest_id"": ""abc114"", ""id"": ""abc114_b"", ""name"": ""754"", ""problem_index"": ""B"", ""title"": ""B. 754""}}"
atcoder_abc118_b,atcoder,abc118_b,abc118,B,abc118_b,B. Foods Loved by Everyone,https://atcoder.jp/contests/abc118/tasks/abc118_b,,3.0,200.0,3.0,atcoder_difficulty,[],[],[],13467.0,,,,,,,[],,,,skipped,skipped,skipped,en,"{""merged"": {""contest_id"": ""abc118"", ""execution_time"": 0, ""fastest_contest_id"": ""abc118"", ""fastest_submission_id"": 4281345, ""fastest_user_id"": ""baoyu"", ""first_contest_id"": ""abc118"", ""first_submission_id"": 4278905, ""first_user_id"": ""olphe"", ""id"": ""abc118_b"", ""name"": ""Foods Loved by Everyone"", ""point"": 200.0, ""problem_index"": ""B"", ""shortest_contest_id"": ""abc118"", ""shortest_submission_id"": 45757538, ""shortest_user_id"": ""tamura2004"", ""solver_count"": 13467, ""source_code_length"": 14, ""title"": ""B. Foods Loved by Everyone""}, ""model"": {""difficulty"": 3, ""discrimination"": 0.004479398673070138, ""intercept"": 7.509465018186581, ""irt_loglikelihood"": -561.8839476049258, ""irt_users"": 2008, ""is_experimental"": false, ""slope"": -0.0012348562682342658, ""variance"": 0.44286815921406825}, ""problem"": {""contest_id"": ""abc118"", ""id"": ""abc118_b"", ""name"": ""Foods Loved by Everyone"", ""problem_index"": ""B"", ""title"": ""B. Foods Loved by Everyone""}}"
atcoder_arc167_a,atcoder,arc167_a,arc167,A,arc167_a,A. Toasts for Breakfast Party,https://atcoder.jp/contests/arc167/tasks/arc167_a,,3.0,300.0,3.0,atcoder_difficulty,[],[],[],4183.0,,,,,,,[],,,,skipped,skipped,skipped,en,"{""merged"": {""contest_id"": ""arc167"", ""execution_time"": 3, ""fastest_contest_id"": ""arc167"", ""fastest_submission_id"": 56494301, ""fastest_user_id"": ""na_nari"", ""first_contest_id"": ""arc167"", ""first_submission_id"": 46624582, ""first_user_id"": ""hiphoptree"", ""id"": ""arc167_a"", ""name"": ""Toasts for Breakfast Party"", ""point"": 300.0, ""problem_index"": ""A"", ""shortest_contest_id"": ""arc167"", ""shortest_submission_id"": 48261805, ""shortest_user_id"": ""i_taku"", ""solver_count"": 4183, ""source_code_length"": 29, ""title"": ""A. Toasts for Breakfast Party""}, ""model"": {""difficulty"": 3, ""discrimination"": 0.004479398673070138, ""intercept"": 7.775976833359023, ""irt_loglikelihood"": -572.3434348780457, ""irt_users"": 2607, ""is_experimental"": false, ""slope"": -0.000857149598817237, ""variance"": 0.4398471896881666}, ""problem"": {""contest_id"": ""arc167"", ""id"": ""arc167_a"", ""name"": ""Toasts for Breakfast Party"", ""problem_index"": ""A"", ""title"": ""A. Toasts for Breakfast Party""}}"
atcoder_abc161_c,atcoder,abc161_c,abc161,C,abc161_c,C. Replacing Integer,https://atcoder.jp/contests/abc161/tasks/abc161_c,,4.0,300.0,4.0,atcoder_difficulty,[],[],[],20456.0,,,,,,,[],,,,skipped,skipped,skipped,en,"{""merged"": {""contest_id"": ""abc161"", ""execution_time"": 0, ""fastest_contest_id"": ""abc161"", ""fastest_submission_id"": 11507597, ""fastest_user_id"": ""kotatsugame"", ""first_contest_id"": ""abc161"", ""first_submission_id"": 11488918, ""first_user_id"": ""emthrm"", ""id"": ""abc161_c"", ""name"": ""Replacing Integer"", ""point"": 300.0, ""problem_index"": ""C"", ""shortest_contest_id"": ""abc161"", ""shortest_submission_id"": 54239780, ""shortest_user_id"": ""i_taku"", ""solver_count"": 20456, ""source_code_length"": 7, ""title"": ""C. Replacing Integer""}, ""model"": {""difficulty"": 4, ""discrimination"": 0.004479398673070138, ""intercept"": 7.225015514465963, ""irt_loglikelihood"": -2943.427485885012, ""irt_users"": 8723, ""is_experimental"": false, ""slope"": -0.001013175862213234, ""variance"": 0.663092558011477}, ""problem"": {""contest_id"": ""abc161"", ""id"": ""abc161_c"", ""name"": ""Replacing Integer"", ""problem_index"": ""C"", ""title"": ""C. Replacing Integer""}}"
atcoder_abc247_c,atcoder,abc247_c,abc247,C,abc247_c,C. 1 2 1 3 1 2 1,https://atcoder.jp/contests/abc247/tasks/abc247_c,,5.0,300.0,5.0,atcoder_difficulty,[],[],[],14009.0,,,,,,,[],,,,skipped,skipped,skipped,en,"{""merged"": {""contest_id"": ""abc247"", ""execution_time"": 0, ""fastest_contest_id"": ""abc247"", ""fastest_submission_id"": 49425365, ""fastest_user_id"": ""uzzy"", ""first_contest_id"": ""abc247"", ""first_submission_id"": 30846639, ""first_user_id"": ""Yu_212"", ""id"": ""abc247_c"", ""name"": ""1 2 1 3 1 2 1"", ""point"": 300.0, ""problem_index"": ""C"", ""shortest_contest_id"": ""abc247"", ""shortest_submission_id"": 52472874, ""shortest_user_id"": ""Fleur"", ""solver_count"": 14009, ""source_code_length"": 11, ""title"": ""C. 1 2 1 3 1 2 1""}, ""model"": {""difficulty"": 5, ""discrimination"": 0.004479398673070138, ""intercept"": 7.445194469460197, ""irt_loglikelihood"": -2764.6860619195277, ""irt_users"": 6819, ""is_experimental"": false, ""slope"": -0.0011012051558139072, ""variance"": 0.6391417017113522}, ""problem"": {""contest_id"": ""abc247"", ""id"": ""abc247_c"", ""name"": ""1 2 1 3 1 2 1"", ""problem_index"": ""C"", ""title"": ""C. 1 2 1 3 1 2 1""}}"
atcoder_abc443_c,atcoder,abc443_c,abc443,C,abc443_c,C. Chokutter Addiction,https://atcoder.jp/contests/abc443/tasks/abc443_c,,8.0,300.0,8.0,atcoder_difficulty,[],[],[],10789.0,,,,,,,[],,,,skipped,skipped,skipped,en,"{""merged"": {""contest_id"": ""abc443"", ""execution_time"": 3, ""fastest_contest_id"": ""abc443"", ""fastest_submission_id"": 73390984, ""fastest_user_id"": ""rileyye"", ""first_contest_id"": ""abc443"", ""first_submission_id"": 72864548, ""first_user_id"": ""GOTKAKO"", ""id"": ""abc443_c"", ""name"": ""Chokutter Addiction"", ""point"": 300.0, ""problem_index"": ""C"", ""shortest_contest_id"": ""abc443"", ""shortest_submission_id"": 72943790, ""shortest_user_id"": ""Rssll_Krkgrd"", ""solver_count"": 10789, ""source_code_length"": 46, ""title"": ""C. Chokutter Addiction""}, ""model"": {""difficulty"": 8, ""discrimination"": 0.004479398673070138, ""intercept"": 7.426628584874073, ""irt_loglikelihood"": -4109.739258912028, ""irt_users"": 9007, ""is_experimental"": false, ""slope"": -0.000893440940948004, ""variance"": 0.42591085968497033}, ""problem"": {""contest_id"": ""abc443"", ""id"": ""abc443_c"", ""name"": ""Chokutter Addiction"", ""problem_index"": ""C"", ""title"": ""C. Chokutter Addiction""}}"
atcoder_abc090_b,atcoder,abc090_b,abc090,B,abc090_b,B. Palindromic Numbers,https://atcoder.jp/contests/abc090/tasks/abc090_b,,8.0,200.0,8.0,atcoder_difficulty,[],[],[],19525.0,,,,,,,[],,,,skipped,skipped,skipped,en,"{""merged"": {""contest_id"": ""abc090"", ""execution_time"": 0, ""fastest_contest_id"": ""abc090"", ""fastest_submission_id"": 3714282, ""fastest_user_id"": ""kotatsugame"", ""first_contest_id"": ""abc090"", ""first_submission_id"": 2183415, ""first_user_id"": ""tozangezan"", ""id"": ""abc090_b"", ""name"": ""Palindromic Numbers"", ""point"": 200.0, ""problem_index"": ""B"", ""shortest_contest_id"": ""abc090"", ""shortest_submission_id"": 59953920, ""shortest_user_id"": ""Fleur"", ""solver_count"": 19525, ""source_code_length"": 14, ""title"": ""B. Palindromic Numbers""}, ""model"": {""difficulty"": 8, ""discrimination"": 0.004479398673070138, ""intercept"": 7.218076861107448, ""irt_loglikelihood"": -196.90794113575998, ""irt_users"": 728, ""is_experimental"": false, ""slope"": -0.0011480359906008636, ""variance"": 0.6121694184467811}, ""problem"": {""contest_id"": ""abc090"", ""id"": ""abc090_b"", ""name"": ""Palindromic Numbers"", ""problem_index"": ""B"", ""title"": ""B. Palindromic Numbers""}}"
atcoder_abc435_c,atcoder,abc435_c,abc435,C,abc435_c,C. Domino,https://atcoder.jp/contests/abc435/tasks/abc435_c,,11.0,300.0,11.0,atcoder_difficulty,[],[],[],10330.0,,,,,,,[],,,,skipped,skipped,skipped,en,"{""merged"": {""contest_id"": ""abc435"", ""execution_time"": 5, ""fastest_contest_id"": ""abc435"", ""fastest_submission_id"": 71474394, ""fastest_user_id"": ""higurashiwtc"", ""first_contest_id"": ""abc435"", ""first_submission_id"": 71468674, ""first_user_id"": ""thelegendary08"", ""id"": ""abc435_c"", ""name"": ""Domino"", ""point"": 300.0, ""problem_index"": ""C"", ""shortest_contest_id"": ""abc435"", ""shortest_submission_id"": 71564438, ""shortest_user_id"": ""i_taku"", ""solver_count"": 10330, ""source_code_length"": 33, ""title"": ""C. Domino""}, ""model"": {""difficulty"": 11, ""discrimination"": 0.004479398673070138, ""intercept"": 7.180801926505809, ""irt_loglikelihood"": -3874.271711598182, ""irt_users"": 8597, ""is_experimental"": false, ""slope"": -0.001014867586199866, ""variance"": 0.6347843764752165}, ""problem"": {""contest_id"": ""abc435"", ""id"": ""abc435_c"", ""name"": ""Domino"", ""problem_index"": ""C"", ""title"": ""C. Domino""}}"
atcoder_abc265_b,atcoder,abc265_b,abc265,B,abc265_b,B. Explore,https://atcoder.jp/contests/abc265/tasks/abc265_b,,13.0,200.0,13.0,atcoder_difficulty,[],[],[],10792.0,,,,,,,[],,,,skipped,skipped,skipped,en,"{""merged"": {""contest_id"": ""abc265"", ""execution_time"": 2, ""fastest_contest_id"": ""abc265"", ""fastest_submission_id"": 47759809, ""fastest_user_id"": ""uzzy"", ""first_contest_id"": ""abc265"", ""first_submission_id"": 34199986, ""first_user_id"": ""rin204"", ""id"": ""abc265_b"", ""name"": ""Explore"", ""point"": 200.0, ""problem_index"": ""B"", ""shortest_contest_id"": ""abc265"", ""shortest_submission_id"": 43773188, ""shortest_user_id"": ""Fleur"", ""solver_count"": 10792, ""source_code_length"": 74, ""title"": ""B. Explore""}, ""model"": {""difficulty"": 13, ""discrimination"": 0.004479398673070138, ""intercept"": 7.56846768902103, ""irt_loglikelihood"": -1676.8828378323822, ""irt_users"": 5580, ""is_experimental"": false, ""slope"": -0.0008197832845415997, ""variance"": 0.4100443840071406}, ""problem"": {""contest_id"": ""abc265"", ""id"": ""abc265_b"", ""name"": ""Explore"", ""problem_index"": ""B"", ""title"": ""B. Explore""}}"
atcoder_abc139_c,atcoder,abc139_c,abc139,C,abc139_c,C. Lower,https://atcoder.jp/contests/abc139/tasks/abc139_c,,13.0,300.0,13.0,atcoder_difficulty,[],[],[],17156.0,,,,,,,[],,,,skipped,skipped,skipped,en,"{""merged"": {""contest_id"": ""abc139"", ""execution_time"": 1, ""fastest_contest_id"": ""abc139"", ""fastest_submission_id"": 56144331, ""fastest_user_id"": ""na_nari"", ""first_contest_id"": ""abc139"", ""first_submission_id"": 7246234, ""first_user_id"": ""autumn_eel"", ""id"": ""abc139_c"", ""name"": ""Lower"", ""point"": 300.0, ""problem_index"": ""C"", ""shortest_contest_id"": ""abc139"", ""shortest_submission_id"": 51723051, ""shortest_user_id"": ""Fleur"", ""solver_count"": 17156, ""source_code_length"": 17, ""title"": ""C. Lower""}, ""model"": {""difficulty"": 13, ""discrimination"": 0.004479398673070138, ""intercept"": 7.37618972164543, ""irt_loglikelihood"": -1381.9976421998313, ""irt_users"": 4994, ""is_experimental"": false, ""slope"": -0.0010636251717833988, ""variance"": 0.43832372090948585}, ""problem"": {""contest_id"": ""abc139"", ""id"": ""abc139_c"", ""name"": ""Lower"", ""problem_index"": ""C"", ""title"": ""C. Lower""}}"
atcoder_abc170_c,atcoder,abc170_c,abc170,C,abc170_c,C. Forbidden List,https://atcoder.jp/contests/abc170/tasks/abc170_c,,15.0,300.0,15.0,atcoder_difficulty,[],[],[],17246.0,,,,,,,[],,,,skipped,skipped,skipped,en,"{""merged"": {""contest_id"": ""abc170"", ""execution_time"": 0, ""fastest_contest_id"": ""abc170"", ""fastest_submission_id"": 45288598, ""fastest_user_id"": ""amano_hina"", ""first_contest_id"": ""abc170"", ""first_submission_id"": 14284872, ""first_user_id"": ""fuppy0716"", ""id"": ""abc170_c"", ""name"": ""Forbidden List"", ""point"": 300.0, ""problem_index"": ""C"", ""shortest_contest_id"": ""abc170"", ""shortest_submission_id"": 58607178, ""shortest_user_id"": ""Fleur"", ""solver_count"": 17246, ""source_code_length"": 19, ""title"": ""C. Forbidden List""}, ""model"": {""difficulty"": 15, ""discrimination"": 0.004479398673070138, ""intercept"": 7.7010523255053664, ""irt_loglikelihood"": -2934.235019968904, ""irt_users"": 9595, ""is_experimental"": false, ""slope"": -0.001214868094460264, ""variance"": 0.47505477435438187}, ""problem"": {""contest_id"": ""abc170"", ""id"": ""abc170_c"", ""name"": ""Forbidden List"", ""problem_index"": ""C"", ""title"": ""C. Forbidden List""}}"
atcoder_abc234_c,atcoder,abc234_c,abc234,C,abc234_c,C. Happy New Year!,https://atcoder.jp/contests/abc234/tasks/abc234_c,,22.0,300.0,22.0,atcoder_difficulty,[],[],[],12391.0,,,,,,,[],,,,skipped,skipped,skipped,en,"{""merged"": {""contest_id"": ""abc234"", ""execution_time"": 0, ""fastest_contest_id"": ""abc234"", ""fastest_submission_id"": 45252382, ""fastest_user_id"": ""marc2825"", ""first_contest_id"": ""abc234"", ""first_submission_id"": 28379095, ""first_user_id"": ""totori0908"", ""id"": ""abc234_c"", ""name"": ""Happy New Year!"", ""point"": 300.0, ""problem_index"": ""C"", ""shortest_contest_id"": ""abc234"", ""shortest_submission_id"": 46912262, ""shortest_user_id"": ""Fleur"", ""solver_count"": 12391, ""source_code_length"": 8, ""title"": ""C. Happy New Year!""}, ""model"": {""difficulty"": 22, ""discrimination"": 0.004479398673070138, ""intercept"": 6.968008138575823, ""irt_loglikelihood"": -2576.297574460398, ""irt_users"": 6006, ""is_experimental"": false, ""slope"": -0.0009243719816985632, ""variance"": 0.5742594964091835}, ""problem"": {""contest_id"": ""abc234"", ""id"": ""abc234_c"", ""name"": ""Happy New Year!"", ""problem_index"": ""C"", ""title"": ""C. Happy New Year!""}}"
atcoder_arc116_a,atcoder,arc116_a,arc116,A,arc116_a,A. Odd vs Even,https://atcoder.jp/contests/arc116/tasks/arc116_a,,22.0,300.0,22.0,atcoder_difficulty,[],[],[],6912.0,,,,,,,[],,,,skipped,skipped,skipped,en,"{""merged"": {""contest_id"": ""arc116"", ""execution_time"": 5, ""fastest_contest_id"": ""arc116"", ""fastest_submission_id"": 72424232, ""fastest_user_id"": ""miztom"", ""first_contest_id"": ""arc116"", ""first_submission_id"": 21349890, ""first_user_id"": ""SSRS"", ""id"": ""arc116_a"", ""name"": ""Odd vs Even"", ""point"": 300.0, ""problem_index"": ""A"", ""shortest_contest_id"": ""arc116"", ""shortest_submission_id"": 51240341, ""shortest_user_id"": ""Fleur"", ""solver_count"": 6912, ""source_code_length"": 26, ""title"": ""A. Odd vs Even""}, ""model"": {""difficulty"": 22, ""discrimination"": 0.004479398673070138, ""intercept"": 7.648990367164328, ""irt_loglikelihood"": -885.7561851222084, ""irt_users"": 3320, ""is_experimental"": false, ""slope"": -0.0010555873427222058, ""variance"": 0.7184975346265916}, ""problem"": {""contest_id"": ""arc116"", ""id"": ""arc116_a"", ""name"": ""Odd vs Even"", ""problem_index"": ""A"", ""title"": ""A. Odd vs Even""}}"
atcoder_abc014_1,atcoder,abc014_1,abc014,A,abc014_1,A. けんしょう先生のお菓子配り,https://atcoder.jp/contests/abc014/tasks/abc014_1,,23.0,,23.0,atcoder_difficulty,[],[],[],8555.0,,,,,,,[],,,,skipped,skipped,skipped,en,"{""merged"": {""contest_id"": ""abc014"", ""execution_time"": 0, ""fastest_contest_id"": ""abc014"", ""fastest_submission_id"": 1753226, ""fastest_user_id"": ""nmoxya"", ""first_contest_id"": ""abc014"", ""first_submission_id"": 229312, ""first_user_id"": ""anta"", ""id"": ""abc014_1"", ""name"": ""けんしょう先生のお菓子配り"", ""point"": null, ""problem_index"": ""A"", ""shortest_contest_id"": ""abc014"", ""shortest_submission_id"": 54037034, ""shortest_user_id"": ""i_taku"", ""solver_count"": 8555, ""source_code_length"": 5, ""title"": ""A. けんしょう先生のお菓子配り""}, ""model"": {""difficulty"": 23, ""discrimination"": 0.004479398673070138, ""intercept"": 7.320702594202062, ""irt_loglikelihood"": -31.878205348911138, ""irt_users"": 229, ""is_experimental"": true, ""slope"": -0.0007607845161610119, ""variance"": 1.0954336923218582}, ""problem"": {""contest_id"": ""abc014"", ""id"": ""abc014_1"", ""name"": ""けんしょう先生のお菓子配り"", ""problem_index"": ""A"", ""title"": ""A. けんしょう先生のお菓子配り""}}"
atcoder_abc348_c,atcoder,abc348_c,abc348,C,abc348_c,C. Colorful Beans,https://atcoder.jp/contests/abc348/tasks/abc348_c,,23.0,250.0,23.0,atcoder_difficulty,[],[],[],13065.0,,,,,,,[],,,,skipped,skipped,skipped,en,"{""merged"": {""contest_id"": ""abc348"", ""execution_time"": 8, ""fastest_contest_id"": ""abc348"", ""fastest_submission_id"": 75392909, ""fastest_user_id"": ""Esu0"", ""first_contest_id"": ""abc348"", ""first_submission_id"": 52059631, ""first_user_id"": ""suisen"", ""id"": ""abc348_c"", ""name"": ""Colorful Beans"", ""point"": 250.0, ""problem_index"": ""C"", ""shortest_contest_id"": ""abc348"", ""shortest_submission_id"": 58314793, ""shortest_user_id"": ""i_taku"", ""solver_count"": 13065, ""source_code_length"": 18, ""title"": ""C. Colorful Beans""}, ""model"": {""difficulty"": 23, ""discrimination"": 0.004479398673070138, ""intercept"": 6.981348002230482, ""irt_loglikelihood"": -3136.223683136111, ""irt_users"": 8970, ""is_experimental"": false, ""slope"": -0.0010538369523383714, ""variance"": 0.4186898608605458}, ""problem"": {""contest_id"": ""abc348"", ""id"": ""abc348_c"", ""name"": ""Colorful Beans"", ""problem_index"": ""C"", ""title"": ""C. Colorful Beans""}}"
atcoder_abc052_b,atcoder,abc052_b,abc052,B,abc052_b,B. Increment Decrement,https://atcoder.jp/contests/abc052/tasks/abc052_b,,24.0,200.0,24.0,atcoder_difficulty,[],[],[],12836.0,,,,,,,[],,,,skipped,skipped,skipped,en,"{""merged"": {""contest_id"": ""abc052"", ""execution_time"": 0, ""fastest_contest_id"": ""abc052"", ""fastest_submission_id"": 1123694, ""fastest_user_id"": ""wch1998"", ""first_contest_id"": ""abc052"", ""first_submission_id"": 1064969, ""first_user_id"": ""Ping_Pong"", ""id"": ""abc052_b"", ""name"": ""Increment Decrement"", ""point"": 200.0, ""problem_index"": ""B"", ""shortest_contest_id"": ""abc052"", ""shortest_submission_id"": 54294374, ""shortest_user_id"": ""Fleur"", ""solver_count"": 12836, ""source_code_length"": 15, ""title"": ""B. Increment Decrement""}, ""model"": {""difficulty"": 24, ""discrimination"": 0.004479398673070138, ""intercept"": 6.947647190551066, ""irt_loglikelihood"": -41.65998815390683, ""irt_users"": 234, ""is_experimental"": false, ""slope"": -0.0010135900008176142, ""variance"": 0.45020155936070794}, ""problem"": {""contest_id"": ""abc052"", ""id"": ""abc052_b"", ""name"": ""Increment Decrement"", ""problem_index"": ""B"", ""title"": ""B. Increment Decrement""}}"
atcoder_arc008_1,atcoder,arc008_1,arc008,A,arc008_1,A. たこ焼き買えるかな？,https://atcoder.jp/contests/arc008/tasks/arc008_1,,24.0,,24.0,atcoder_difficulty,[],[],[],3362.0,,,,,,,[],,,,skipped,skipped,skipped,en,"{""merged"": {""contest_id"": ""arc008"", ""execution_time"": 0, ""fastest_contest_id"": ""arc008"", ""fastest_submission_id"": 2013141, ""fastest_user_id"": ""deadcode"", ""first_contest_id"": ""arc008"", ""first_submission_id"": 45309, ""first_user_id"": ""nomeaning"", ""id"": ""arc008_1"", ""name"": ""たこ焼き買えるかな？"", ""point"": null, ""problem_index"": ""A"", ""shortest_contest_id"": ""arc008"", ""shortest_submission_id"": 47369632, ""shortest_user_id"": ""i_taku"", ""solver_count"": 3362, ""source_code_length"": 16, ""title"": ""A. たこ焼き買えるかな？""}, ""model"": {""difficulty"": 24, ""discrimination"": 0.004479398673070138, ""intercept"": 7.274738954135028, ""irt_loglikelihood"": -14.555950134325093, ""irt_users"": 215, ""is_experimental"": true, ""slope"": -0.0008007475199431018, ""variance"": 0.7494804620161314}, ""problem"": {""contest_id"": ""arc008"", ""id"": ""arc008_1"", ""name"": ""たこ焼き買えるかな？"", ""problem_index"": ""A"", ""title"": ""A. たこ焼き買えるかな？""}}"
atcoder_abc295_b,atcoder,abc295_b,abc295,B,abc295_b,B. Bombs,https://atcoder.jp/contests/abc295/tasks/abc295_b,,24.0,200.0,24.0,atcoder_difficulty,[],[],[],11060.0,,,,,,,[],,,,skipped,skipped,skipped,en,"{""merged"": {""contest_id"": ""abc295"", ""execution_time"": 0, ""fastest_contest_id"": ""abc295"", ""fastest_submission_id"": 45931636, ""fastest_user_id"": ""Nikura"", ""first_contest_id"": ""abc295"", ""first_submission_id"": 40020458, ""first_user_id"": ""firiexp"", ""id"": ""abc295_b"", ""name"": ""Bombs"", ""point"": 200.0, ""problem_index"": ""B"", ""shortest_contest_id"": ""abc295"", ""shortest_submission_id"": 40347939, ""shortest_user_id"": ""Fleur"", ""solver_count"": 11060, ""source_code_length"": 98, ""title"": ""B. Bombs""}, ""model"": {""difficulty"": 24, ""discrimination"": 0.004479398673070138, ""intercept"": 7.524368131286837, ""irt_loglikelihood"": -2130.775032670364, ""irt_users"": 6236, ""is_experimental"": false, ""slope"": -0.0009431424060002621, ""variance"": 0.36485975507869556}, ""problem"": {""contest_id"": ""abc295"", ""id"": ""abc295_b"", ""name"": ""Bombs"", ""problem_index"": ""B"", ""title"": ""B. Bombs""}}"
codeforces_750_A,codeforces,750A,750,A,,New Year and Hurry,https://codeforces.com/problemset/problem/750/A,800.0,,500.0,800.0,rating,"[""binary search"", ""brute force"", ""implementation"", ""math""]","[""techniques"", ""implementation_constructive"", ""math""]","[""techniques"", ""math""]",92630.0,,,"Given a limited amount of contest time, each solved problem i costs 5*i minutes. Find the maximum number of first problems that can be solved without exceeding the remaining time.",n is the number of available problems; k is the time already reserved.,Maximum x such that x <= n and the cumulative time fits.,"Small n, k within the contest time window.","[{""note"": ""Paraphrased demo sample omitted; see source URL.""}]",Core inequality: 5*x*(x+1)/2 <= 240-k.,"The cumulative time is triangular. A binary-search solution checks whether a candidate x fits. A formula solution solves x^2 + x - 2*T <= 0, where T=(240-k)/5, then caps the result by n. Common mistakes: forgetting the cap by n or using floating point without flooring carefully.",https://codeforces.com/problemset/problem/750/A,curated_paraphrase,curated_observation,manual_demo,en,"{""demo_reason"": ""quadratic inequality can be solved by formula or binary search""}"
codeforces_1915_C,codeforces,1915C,1915,C,,Can I Square?,https://codeforces.com/problemset/problem/1915/C,800.0,,,800.0,rating,"[""binary search"", ""implementation""]","[""techniques"", ""implementation_constructive""]","[""techniques""]",54264.0,,,"Given numbers in a test case, decide whether their sum can be represented as the area of an integer-sided square.",Several test cases with an array of positive integers.,YES if the sum is a perfect square; otherwise NO.,The sum should be handled with integer arithmetic.,"[{""note"": ""Paraphrased demo sample omitted; see source URL.""}]",Core condition: exists integer r such that r*r equals the total sum.,Compute the total sum. A formula route uses integer square root and verifies root*root == sum. A binary-search route searches r and compares r*r against the sum. Common mistakes: using imprecise floating point sqrt or overflowing r*r in other languages.,https://codeforces.com/problemset/problem/1915/C,curated_paraphrase,curated_observation,manual_demo,en,"{""demo_reason"": ""perfect square detection via integer sqrt or binary search""}"
codeforces_192_A,codeforces,192A,192,A,,Funky Numbers,https://codeforces.com/problemset/problem/192/A,1300.0,,500.0,1300.0,rating,"[""binary search"", ""brute force"", ""implementation""]","[""techniques"", ""implementation_constructive""]","[""techniques"", ""math""]",11565.0,,,Decide whether a number can be written as the sum of two triangular numbers.,A single integer n.,YES if n = T_a + T_b for some triangular numbers; otherwise NO.,n is large enough that naive unbounded enumeration is not ideal.,"[{""note"": ""Paraphrased demo sample omitted; see source URL.""}]",Triangular number: T_i = i*(i+1)/2.,Generate triangular numbers up to n and test complements with a set or binary search. A formula-oriented route tests if m is triangular using discriminant 1+8*m being a perfect square. Common mistakes: not limiting generated triangular numbers or confusing square numbers with triangular numbers.,https://codeforces.com/problemset/problem/192/A,curated_paraphrase,curated_observation,manual_demo,en,"{""demo_reason"": ""triangular representation via binary search or quadratic discriminant""}"
